{
  "auc": 0.8403136221550545,
  "f1": 0.5833333333333334,
  "accuracy": 0.794180269694819,
  "n_train": 5634,
  "n_test": 1409
}